{
  "uas":88.4345103245,
  "las":85.7621102149,
  "ents_p":84.9284928493,
  "ents_r":85.3982300885,
  "ents_f":85.1627137341,
  "tags_acc":95.5524581855,
  "token_acc":100.0
}