{
  "uas":88.3348622496,
  "las":85.8077116563,
  "ents_p":82.2999470058,
  "ents_r":82.3872679045,
  "ents_f":82.3435843054,
  "tags_acc":95.7227138643,
  "token_acc":100.0
}